X,Y,Code,
120.398375677019,16.2731489170958,"013317000"
120.397167486473,15.8661115515955,"015509000"
120.510120900496,15.7967903747075,"015510000"
120.500618727282,16.031303226286,"015525000"
124.675724368473,9.16853028122699,"101801000"
124.087053425241,8.14737014400981,"103507000"
121.855361786751,18.1539414127543,"021516000"
121.709241835124,17.4699347779983,"023134000"
120.666700550063,14.8714936603287,"035410000"
120.732002275036,13.9664015425632,"041003000"
121.474238386729,14.4813038297008,"043408000"
121.334198126924,14.2053308025169,"043430000"
126.164644411015,7.33819331382294,"118205000"
125.637004443979,6.14184350142801,"118601000"
125.130605376265,6.13129286514374,"126303000"
125.342385050536,5.78520755680273,"128002000"
125.301011325034,6.36300686687957,"128007000"
120.975329289703,14.5903983967117,"133909000"
120.965083958158,14.5888368613612,"133913000"
121.022427948725,17.5857615586591,"140115000"
120.686424827203,16.8104658109846,"141103000"
124.153957589835,7.79454253358631,"153605000"
124.479587026391,7.0005033378231,"153836000"
123.651222314316,13.3834796731577,"050510000"
123.163119565143,13.6718952718338,"051720000"
126.125599092738,8.52367281427871,"166801000"
122.495950654527,11.1511643654087,"063013000"
122.309868019107,10.6926047172548,"063020000"
125.377795520925,11.7963010539625,"082622000"
124.456544391406,10.9224521697056,"083722000"
120.929721178381,10.9190679420904,"175310000"
124.926853430924,11.1830621517743,"083744000"
123.03946027518,9.8500747797306,"184602000"
123.162467038061,9.16241905563285,"184625000"
123.281942032342,8.16239114545866,"097308000"
0,0,0Mun_Code
120.655304268644,17.9674134577178,"012811000"
120.452722317859,17.3248279787911,"012918000"
120.401370262031,16.8057314867199,"013305000"
120.543437238082,16.0426226024734,"015548000"
124.96332837456,7.81201773005845,"101315000"
124.991288731297,8.6685497189254,"104306000"
121.938488875473,17.4746821159658,"023133000"
121.154051816634,16.6054679732866,"025014000"
120.910050546839,15.271032531688,"034925000"
120.629203967247,15.0366627624619,"035404000"
120.935140417535,14.3964869732336,"042109000"
121.365279791022,14.2310188384146,"043422000"
121.403372643587,14.0951586940724,"043423000"
126.344571089352,7.75757456024522,"112505000"
125.543457488644,6.31930235161289,"118603000"
124.957240629654,6.81712489236398,"124714000"
121.281617989668,17.1231022025593,"144405000"
124.3704149303,8.06611155857102,"153610000"
124.235668605991,7.74955209499726,"153612000"
124.281608525188,7.77328769842176,"153636000"
124.50791812969,6.95540709080261,"153837000"
122.533817955656,13.5555739025729,"045644000"
123.496998776391,13.324230523417,"050514000"
123.366723029493,13.4819496319752,"051701000"
122.849330655433,11.3528504864226,"061907000"
122.576510039648,11.207617128416,"063010000"
120.997558129276,12.6271607541765,"175102000"
124.426780796083,9.8916875060601,"071202000"
123.940860834419,10.3453878878276,"072230000"
124.001281233592,10.9307692092507,"072248000"
125.343477405642,11.8723033515817,"082623000"
124.96363160447,10.5823359766178,"083731000"
124.826710904743,10.2603519854836,"083734000"
124.990643110858,11.0840114294078,"083748000"
125.144229502006,12.5143490295699,"084814000"
122.852896478929,10.4617756377995,"184530000"
123.175016726674,9.42902004280045,"184601000"
120.499537511772,18.0105120003571,"012808000"
120.707475510142,16.9896044309886,"012908000"
120.451758981943,17.6826942693404,"012912000"
125.351670113007,7.81302117117052,"101318000"
124.289193195831,8.08794856026541,"103523000"
123.618343600376,8.61550659730649,"104202000"
124.87833431339,8.93645725919567,"104303000"
121.544688195677,18.1996266746322,"021503000"
121.576857043012,16.5480993699311,"025705000"
120.790021120963,15.0017031556144,"035418000"
125.499261984489,7.68653119964333,"112322000"
121.448488938839,14.3880936737824,"043420000"
120.958556365063,14.6741194997531,"137502000"
121.362135325021,16.9391766382536,"142708000"
121.177669167881,17.3535862283043,"143206000"
120.928553938703,16.9624386497365,"144407000"
123.878059495106,13.0857148001152,"050511000"
121.180448044818,5.96621656821914,"156616000"
123.690907868441,12.5574832833399,"054119000"
123.07638557538,11.3272502527518,"063038000"
119.912539991219,10.57867884863,"175303000"
125.318203056809,12.2472536711926,"082601000"
124.833137866893,10.9346736024595,"083710000"
124.762446799283,10.456932234518,"083720000"
125.285728497671,12.3120246710515,"084809000"
125.028141341856,11.6969388406003,"086015000"
123.083513988156,10.7012808128354,"184528000"
123.744844505564,7.79354864037836,"103506000"
123.980858040563,8.02852504409536,"103521000"
123.610098013276,8.26627105541711,"104217000"
121.695338962916,17.5482365038874,"021512000"
121.028961420209,16.0153729096929,"034905000"
120.440183749231,15.3341313942824,"036904000"
125.79579324629,7.43125396373056,"112319000"
121.37595163652,15.2689645534574,"037705000"
121.014468812574,14.3101603674863,"042123000"
121.488241976792,14.4230873727086,"043421000"
121.330230155612,14.0502924592108,"043424000"
124.853639341481,7.17282452539741,"124703000"
124.519293859147,6.46884273261773,"126501000"
124.160666758223,6.5098764502843,"126505000"
120.965388379771,14.618756205204,"133901000"
120.635291389583,17.3939143006215,"140127000"
124.340271716714,7.89810295392244,"153627000"
122.903383794441,14.252519017143,"051612000"
123.294867578241,13.5885238457644,"051728000"
124.255809781722,13.7040258972332,"052009000"
123.897700713205,12.0975252982754,"054115000"
123.892786027358,11.9276402784544,"054117000"
120.240563873631,5.22178369861294,"157007000"
123.974306974963,12.8107524584646,"056210000"
125.655964196698,10.0275995019133,"168502000"
125.60574483692,10.0183064141156,"168506000"
120.519027532504,18.0847282448605,"012816000"
120.175311953553,15.9220290388152,"015515000"
124.120469633721,8.09620813596482,"103517000"
121.820599185309,16.8784143394048,"023108000"
121.773806827487,16.6426833541685,"023112000"
121.770470049678,16.4658917226567,"023127000"
120.837848619154,14.9218031966273,"031418000"
125.304939749264,6.69288609919795,"112404000"
120.546763188501,15.7349088589776,"036909000"
120.447779587376,15.5808224171043,"036915000"
124.523912540345,7.15221143358329,"124709000"
124.672924419454,6.65590210495753,"126511000"
121.004000006083,14.5314087966389,"137605000"
121.088516218543,16.7753863440739,"142703000"
124.492303365802,7.90987459213587,"153634000"
124.425366107137,7.50501580850849,"153802000"
122.571775833474,13.2948482850649,"045642000"
121.231528613095,14.406324159373,"045806000"
121.319787913561,5.96636279751111,"156604000"
122.494054518536,14.2680598290929,"051602000"
122.889706538236,13.8532002310619,"051719000"
122.133143050772,11.0938534772993,"060604000"
124.198496118586,9.83593109222969,"071212000"
124.602214556471,11.1821595196823,"083726000"
122.000705497349,12.2675347380097,"175907000"
123.037465068542,10.2063276640391,"184514000"
120.749665736113,18.4897434410147,"012804000"
120.462224148148,16.9378759966646,"012933000"
120.388002359852,17.5630548087065,"012934000"
120.816364026442,15.9022827542157,"015544000"
121.957662441644,20.4053629472829,"020904000"
120.787157219745,14.9584261388107,"035402000"
120.333785707272,15.4365097692021,"036918000"
120.204502728469,14.9281587186382,"037104000"
120.970707032373,13.9622399494191,"041025000"
124.479152253313,6.11824662381313,"128005000"
121.105190526892,16.9280085535556,"142701000"
121.576178433284,17.5045718705727,"143211000"
120.876679814401,16.9288762237974,"144402000"
122.013116961048,6.48806394281903,"150705000"
123.576805424855,13.172744838582,"050504000"
123.193678852316,13.5951313396079,"051721000"
123.198142055836,13.5153289886275,"051722000"
124.309445866542,13.6045892695269,"052003000"
118.219081375116,6.15939004444687,"157008000"
125.43671593801,9.56568371498481,"166715000"
122.869616447869,11.0871147963507,"063008000"
122.716840541099,11.1052376838999,"063039000"
124.125674841797,9.80362792646633,"071207000"
124.098012582653,9.91102488181083,"071236000"
123.34595612342,9.57919482643844,"072225000"
123.780585509227,10.2772499676135,"072232000"
123.963693496396,10.7611628231845,"072247000"
123.904858378402,10.8390057324714,"072249000"
123.635664729944,9.2612144195147,"076101000"
125.375775500036,11.7324431077906,"082620000"
121.950702347174,12.3266974022868,"175916000"
122.908607203987,10.2693180945513,"184511000"
125.116714745524,10.3172757073119,"086412000"
123.186537320058,8.42269572900435,"097211000"
122.680586020074,7.9596553713183,"097221000"
120.578442909112,16.8934723405139,"012901000"
120.744657762139,16.0127037102946,"015543000"
124.924358105569,7.69246994836962,"101304000"
125.080477099478,7.91219798696257,"101321000"
123.640125979468,8.52107983809758,"104204000"
124.499152751345,8.51362352729174,"104307000"
121.498755959143,16.4419240851182,"025702000"
120.427137128113,14.8773547532758,"030804000"
120.328845027687,14.7053968100997,"030808000"
120.920391048642,14.7199460142123,"031414000"
120.829114461337,15.5666621420413,"034922000"
125.118996031448,6.75646991613212,"112407000"
120.647736556274,15.6224449763682,"036911000"
120.794711301041,14.2929168561294,"042115000"
121.531973736211,14.3330529372669,"043409000"
120.710846148271,16.5926009995447,"141101000"
120.673624956924,16.7018085861619,"141109000"
120.556568731987,16.3207085152173,"141113000"
120.632774050479,16.506422161202,"141114000"
121.104980408226,16.8612835010225,"142709000"
121.137300721517,17.0735426650915,"144401000"
122.157235523759,6.52398151801178,"150706000"
122.457547379589,13.5254754077755,"045628000"
121.879853677764,14.9725206020306,"045631000"
121.116839865409,14.587371326441,"045805000"
123.615667064511,13.4619210463839,"050518000"
123.312911478686,13.319980581722,"051703000"
121.393306216242,5.98857798514889,"156619000"
124.358843365677,13.7854130548692,"052005000"
123.757253236506,12.0187307371515,"054106000"
122.373692355513,11.6938740778469,"060407000"
122.415146028385,11.2566759512392,"061917000"
125.577031932343,8.90316274477162,"160202000"
125.462102477962,8.6113606560789,"160303000"
125.567331859413,9.57361323459823,"166727000"
122.666341490887,11.0117703336584,"063016000"
122.286266401128,10.8007425219691,"063046000"
121.915533144319,13.3952283978077,"174001000"
124.039885348145,9.94456496181305,"071214000"
120.94385520914,13.3836974431976,"175213000"
118.445067824311,9.50817658328193,"175301000"
125.475921005476,11.2739266762887,"082607000"
125.01156861356,12.1936196039078,"086011000"
123.138031518815,7.77537583323121,"097311000"
120.346149532745,16.5131246022778,"013307000"
123.170646779328,7.5192770658329,"097341000"
123.007513211289,7.62025119080755,"098308000"
119.843431720648,16.0275214611314,"015516000"
121.951627420868,20.3685474187123,"020906000"
122.263400460124,16.6873655028207,"023110000"
121.612490479752,17.3098246590453,"023122000"
121.732677335829,17.1564610624153,"023123000"
121.928093960913,17.2918868656728,"023137000"
121.14271753566,16.4765020539532,"025005000"
121.586097087384,16.4136746114625,"025701000"
121.211543709391,15.3271850618607,"034910000"
120.59880367639,15.8148434139213,"036914000"
120.869438916033,14.2763089532781,"042122000"
121.435923156952,14.2066925587225,"043415000"
121.457156532864,17.1811525538602,"144406000"
121.615485956644,13.9367543272295,"045624000"
124.393246668495,7.95062920234542,"153633000"
124.768494701743,7.06265787446841,"153822000"
123.753177993878,13.0993388455794,"050506000"
121.093416935712,5.96077928717605,"156613000"
122.690063976873,14.1357638040794,"051606000"
121.977799496972,10.5207370532714,"060607000"
125.544395463058,9.02777332261729,"160208000"
125.629289158831,9.57262713074342,"166702000"
125.785628565909,9.4751848088157,"166706000"
123.630501363842,10.1193080794518,"072214000"
121.400611695056,12.7021095118869,"175203000"
121.174887702363,9.58269824824939,"175308000"
125.452900665159,12.2184649626201,"082621000"
121.70896563484,12.9256014847216,"175905000"
123.121757276161,10.0110190317193,"184612000"
124.561512870958,11.5047216309618,"087803000"
123.341016202626,7.62697615254346,"097306000"
120.838530206594,18.476642611793,"012810000"
120.750192866185,18.1804591177763,"012818000"
120.405728225193,17.6190168493588,"012919000"
120.482611262045,17.0562144782765,"012924000"
119.98170461143,16.0130074231691,"015523000"
120.559757558303,15.9704507911708,"015546000"
121.992928543803,20.4586431208526,"020901000"
124.3727871228,8.23111310875908,"103504000"
121.04983035457,16.5443869418725,"025001000"
121.227734791618,15.6577762830682,"034902000"
121.285819155467,15.4980688902869,"034907000"
120.80464328398,15.3277541775118,"034924000"
120.487431200961,14.977550079303,"035406000"
121.102417839539,14.011560867075,"041004000"
121.013430453696,14.0925678992456,"041030000"
120.90079887392,14.322366052917,"042108000"
124.344328810045,6.43021766632159,"126512000"
121.085479247291,14.578866707673,"137403000"
121.033601369159,14.4023010906405,"137603000"
120.71915455079,17.7801066106675,"140111000"
120.873892790799,17.5733853205772,"140113000"
120.61847194544,17.4754670702247,"140121000"
119.824338881472,4.86535813459377,"157004000"
125.541890548344,9.77645263251341,"166724000"
123.912515049209,9.78997244102302,"071204000"
123.969820453252,10.4724155594675,"072218000"
125.011739141308,11.8991689380544,"086012000"
122.826054013635,9.85646262253711,"184515000"
123.537273566619,8.21509972884425,"097337000"
119.897827078011,15.9465933534138,"015519000"
124.807855022282,7.80465547308458,"101316000"
124.772601997287,9.11950104141109,"101802000"
121.776385194185,17.0010685373072,"023125000"
120.998151192899,15.0623055182058,"031419000"
125.41889844536,7.26444007454517,"112402000"
120.085102045258,15.6310688414607,"037103000"
120.971871394205,14.415147763422,"042103000"
121.060473997094,14.6804993945963,"137404000"
121.953506235023,14.7380304679778,"045636000"
124.305575501711,6.94598982745239,"153816000"
124.743824780402,6.84091682788426,"153819000"
124.19640259145,14.0308803445497,"052006000"
119.402459997504,4.74873310287436,"157005000"
125.334063322105,8.92793817208355,"160209000"
126.300905619774,8.39215951037763,"166809000"
125.987013772424,8.92802311557829,"166816000"
123.822115627186,11.2182612266675,"072244000"
124.311413270239,11.9279836993072,"086001000"
122.870620533722,10.417681110015,"184525000"
123.267345679582,7.69080375457105,"097324000"
120.612893927505,18.267248020123,"012802000"
120.577302406579,18.195274858795,"012812000"
120.376303387297,16.8393682134056,"013310000"
122.959214689645,7.78628496074855,"098303000"
120.653327982979,15.9957734957342,"015506000"
122.876851106417,7.73471575434482,"098313000"
120.658484125467,13.8635343287323,"041008000"
120.840540252747,14.1184523020648,"042101000"
120.904141572418,14.4371269691209,"042111000"
125.112459624511,6.93208294260399,"124707000"
121.415200126137,18.133529234475,"148103000"
122.196821722677,6.64415291063039,"150708000"
124.905516207166,6.7427700500586,"153805000"
121.748676991768,6.04904407421353,"156615000"
123.75918682003,13.2437471629395,"050516000"
123.159063759163,13.6235155034806,"051709000"
124.364364248633,13.6941385510192,"052002000"
122.317490055576,11.6777516685807,"060408000"
122.763784475798,11.3105066318722,"061901000"
123.016825914918,11.4619882386185,"061911000"
125.789908184834,8.40309510714658,"160311000"
123.099928722936,11.4016633013885,"063009000"
122.466941183915,10.7252802081231,"063034000"
125.873101002251,9.38667855429797,"166807000"
125.617892699467,10.366623011005,"168505000"
124.273475170834,9.90653518689929,"071217000"
123.973662877272,10.4196484931101,"072227000"
120.921536695963,11.2538770535552,"175302000"
120.782800474326,18.3285020534295,"012823000"
120.513879107345,17.1881463860429,"012909000"
120.400757296733,16.0615343229911,"015526000"
123.733155673879,8.45107979857029,"104209000"
120.675088275693,15.2340275430099,"035411000"
120.715075384242,15.0004276639084,"035421000"
120.4112463727,15.6828684523188,"036903000"
120.648924706275,13.993470751867,"041013000"
120.746018564997,14.43388703913,"042105000"
121.091705525741,14.271948273769,"043428000"
125.019357767501,6.46967748249847,"126314000"
120.984584020061,14.6207187960766,"133905000"
121.461899094453,14.8821485768358,"045617000"
121.276977081222,14.5750606777357,"045803000"
123.252520219945,13.3482416774506,"051702000"
123.133985281921,13.6024818067217,"051713000"
123.524087759683,12.2027594738036,"054112000"
123.725203243292,12.4787458546868,"054118000"
122.771433232841,11.4415132835988,"061910000"
125.556307684204,10.0898345710533,"168501000"
123.428093466066,9.93835830287187,"072233000"
117.42372770513,8.56565005468485,"175305000"
125.00365019687,10.9653741688555,"083718000"
124.624745798696,12.4237718055516,"084805000"
122.06825585722,12.6124047071482,"175904000"
122.557938257935,12.3817204496871,"175913000"
125.068377327474,10.3290414941985,"086405000"
124.323256732103,11.7889995010278,"087807000"
120.497142678691,17.3672122661242,"012926000"
122.937976998993,7.64493252395466,"098304000"
120.279579145203,15.7361452413825,"015527000"
121.851598383913,20.3111131876489,"020905000"
121.986850823154,6.65058789835269,"099701000"
121.623554191265,16.7422012387367,"023129000"
121.2616587029,16.5979946739586,"025003000"
120.879510637799,14.8443981064932,"031408000"
121.083585574303,14.8159572569994,"031420000"
125.706345639403,7.74887113685848,"112324000"
120.114865790984,15.1610701356949,"037102000"
120.884241523199,13.954751951614,"041012000"
121.223006330196,13.7532194014653,"041032000"
121.448729496128,14.2520265425045,"043419000"
124.668193377377,6.45732825332474,"126318000"
120.652129494594,17.6647502625843,"140108000"
120.715370891685,17.4137036854369,"140116000"
121.429777417069,17.4100900553327,"143213000"
122.098601386501,6.64148800041368,"150702000"
121.999804663304,13.8612959875929,"045649000"
122.273563618838,11.7095504009305,"060411000"
122.071614592465,10.7723453153503,"060616000"
120.224039353178,5.0904788665249,"157010000"
122.672374372431,10.5940568294469,"067904000"
123.575957738009,10.1939610916511,"072204000"
121.358292402858,12.8288223156808,"175202000"
125.45069405861,11.1632472370673,"082608000"
124.714105488064,10.9236311465547,"083703000"
124.372141476392,11.4783009143037,"083713000"
122.987721627339,10.4144868436157,"184516000"
120.59472854513,18.145850499766,"012820000"
120.458743149745,16.2447721100754,"013313000"
120.455289489849,15.9085885090357,"015524000"
123.7004105769,8.49811076089133,"104208000"
121.505758426238,18.3511827039768,"021507000"
121.718548156883,17.063177243304,"023105000"
121.029322412046,16.2371161634464,"025002000"
120.990154777254,15.4924910456124,"034903000"
120.966537218577,15.4323497183311,"034928000"
120.87408574658,15.10374915056,"035405000"
120.118183825802,15.0739168060826,"037110000"
126.126170819403,6.79203159212901,"112510000"
125.081678451519,6.26050150860914,"126312000"
124.159866834519,6.66972696474514,"126506000"
120.971540456346,17.696995883829,"140109000"
120.901698203678,17.0938466264782,"144409000"
122.223937884655,13.697002552888,"045616000"
124.598962110588,7.75927006740551,"153637000"
121.633151044752,14.1839350161761,"045639000"
121.295132576707,13.9005041041738,"045641000"
121.359283638448,14.6038822477499,"045812000"
121.134490228511,14.5550143740132,"045813000"
123.049220598208,13.9736572739359,"051607000"
124.087739620887,12.6571533374561,"056215000"
122.036799252757,11.8441785377472,"060414000"
122.124636087333,11.25416042847,"060602000"
125.50104328089,8.73480092246849,"160207000"
122.73934436187,11.001651317888,"063003000"
122.997362904321,11.3023855923162,"063044000"
121.972572896562,13.2551955225708,"174002000"
123.965581704353,9.63689241123316,"071201000"
124.4493358967,9.77529901849584,"071223000"
124.530415217487,10.7702710153998,"072236000"
124.430870767319,10.6716496930447,"072238000"
125.217003430623,11.2063855254744,"086010000"
123.427790581455,8.15393962163061,"097315000"
120.464711184773,17.1932598704563,"012906000"
120.52859346461,16.1129956320805,"015530000"
121.216613227334,18.5386640981718,"021522000"
121.500789467668,17.6794423798027,"021528000"
121.35568233531,16.6417181341953,"025006000"
125.791116488736,7.63260672491332,"112301000"
126.021881355654,7.05019870339322,"112502000"
120.050313650507,15.4466558168584,"037108000"
121.03145006505,13.8175778612653,"041026000"
120.954954947238,14.1161062693179,"042119000"
126.180339260769,7.52288862906598,"118210000"
124.90238284636,6.94070030504061,"124710000"
121.053135945831,16.6760964027658,"142711000"
121.302029093353,18.3052737612871,"148105000"
124.147458121377,7.53816139155828,"153602000"
121.336676719168,14.3388855995075,"045807000"
121.238847072983,14.53379427081,"045809000"
120.921387975969,5.93564057272347,"156609000"
123.074522720296,13.7410756178779,"051707000"
123.027653315493,13.058161964946,"054120000"
122.390234222233,11.1088960531304,"063025000"
122.667765375371,11.1665043366814,"063035000"
122.663218832801,10.6894783306396,"067901000"
125.894486505036,9.18307912772948,"166806000"
126.369618288547,8.06357538897002,"166812000"
121.18816282986,12.3367750562845,"175105000"
120.681115855637,13.2411392782322,"175106000"
123.995658775898,9.76644458727695,"071206000"
124.159202470974,9.64959686704519,"071220000"
124.049637290747,9.72053343511706,"071239000"
123.418460335734,9.84975419107008,"072207000"
123.992185484472,11.0187225460227,"072211000"
121.416043522818,13.0188448620338,"175209000"
124.888213043341,11.1240817164326,"083741000"
125.056976968171,12.0699622414934,"086014000"
123.05174499324,10.8429623705213,"184508000"
122.477013610504,9.74944736799532,"184527000"
123.260812317433,9.24869995582157,"184603000"
123.074558825012,9.94446023444056,"184622000"
123.128416005757,8.15577351447013,"097215000"
123.024770210588,8.19338886840874,"097218000"
120.558148363751,16.1675510148735,"015541000"
124.768346188562,9.16760913787609,"101803000"
121.65097765482,19.1870759438683,"021509000"
121.880253123831,18.0524211422252,"021513000"
121.968150071739,16.9024783727336,"023104000"
121.821597005983,16.5470083894166,"023115000"
121.741361319248,17.269528277349,"023118000"
120.697213464806,15.1020438968239,"035413000"
124.789746476348,8.53534442526182,"104324000"
120.272040094468,14.8769258867306,"037114000"
121.098777166852,14.0944214695444,"041031000"
125.176618040068,7.35327709020919,"124718000"
124.792604120633,6.407116995987,"126302000"
124.67890944396,6.53124185440505,"126311000"
120.990700223021,14.5683393874497,"133910000"
120.840111601982,16.7446454043187,"141105000"
121.199153612043,16.6925010434669,"142705000"
121.16197215859,17.5369766248985,"143201000"
121.37730843179,17.5747031803752,"143209000"
122.012980894086,13.9412773860549,"045635000"
124.25333174342,7.71790390298161,"153640000"
124.365450101156,6.92979127408996,"153825000"
123.432518494746,13.7304821387813,"051715000"
122.992565949284,13.5550233707463,"051727000"
123.467971926591,13.6255728258593,"051736000"
123.851787649568,12.1539406182566,"054108000"
122.169206399514,11.7445197088482,"060406000"
122.229114347957,11.6048183993394,"060413000"
122.176424319844,10.8981271575006,"060614000"
125.606919402721,9.3460857571016,"160205000"
123.38186142085,9.74380273755943,"072203000"
121.354379611273,12.5418691314061,"175207000"
121.451418624223,12.6198739178409,"175212000"
124.643950157829,12.3138274951722,"084824000"
125.180772972425,11.7201418990891,"086008000"
125.049230173232,11.5448056883261,"086013000"
122.644415975093,12.4181458987781,"175903000"
123.404953057876,10.639190410996,"184505000"
123.111926167528,10.2714646180585,"184519000"
125.169156509931,10.0688319500917,"086413000"
122.532413461427,8.03579938426855,"097205000"
123.516041105566,8.38145000974593,"097208000"
123.385931896334,7.77390072695832,"097307000"
120.607878501784,17.2398592685144,"012917000"
120.425805658969,16.343641462709,"013320000"
123.375777436765,8.03468606026041,"097340000"
120.327916060829,15.9079739890424,"015532000"
125.121626508681,8.39331200845491,"101305000"
124.221448944099,8.11728815906397,"103502000"
123.792265295052,8.36232708760596,"104211000"
120.932576001251,14.7987135776601,"031404000"
120.620353571731,14.8847564261603,"035422000"
124.908660623446,8.95987332523194,"104325000"
120.19339134812,15.2377187284295,"037101000"
120.944499902616,13.8353961054261,"041024000"
120.971847628953,13.8776935759164,"041027000"
124.949778801074,7.20048781212708,"124708000"
124.96788111109,5.93865353933171,"128004000"
121.982277021463,6.32059386421896,"150713000"
121.343298593136,14.4538803410434,"045810000"
124.299492039441,13.9095766192788,"052007000"
124.105213590163,12.9249471491468,"056208000"
122.232980099529,11.7412550630375,"060417000"
125.907981297614,8.64651915895917,"160306000"
122.598738102029,10.7902621362356,"063026000"
122.03352600719,13.4616913307786,"174005000"
121.186587662471,13.3544948349641,"175205000"
123.111595101947,10.8504063558112,"184531000"
123.047630854007,9.50469992808281,"184621000"
124.861742600688,10.1834649813947,"086407000"
124.950792849139,10.0910237172349,"086408000"
122.675664286459,8.0830596973656,"097206000"
120.414069099988,16.5264999874517,"013311000"
123.843665846863,7.83505107661495,"103519000"
121.754771689633,17.7473251185709,"021515000"
121.392767495591,17.9137279475826,"021521000"
120.663934831095,15.7173970524947,"034918000"
121.1103023703,15.4934327330031,"034919000"
121.024134513648,15.37632347963,"034921000"
125.573978289066,7.83669083589537,"112305000"
120.295902468672,15.0202703877953,"037111000"
121.102555607511,13.9758268456986,"041018000"
121.402183343856,14.4297613736388,"043414000"
121.404430269273,14.134177853553,"043417000"
124.252303256837,6.29269601972048,"126509000"
124.231446866247,7.20862277227444,"129804000"
120.995211001849,14.4413913921413,"137601000"
122.091397764808,13.8096981233825,"045634000"
124.365800202801,7.6738413364685,"153607000"
124.316525472816,7.25440700317012,"153812000"
124.632157566357,6.91590520131465,"153813000"
123.637692002517,13.1399445927977,"050502000"
120.861586723985,5.53730835746573,"156612000"
123.517357684307,13.5608117568969,"051731000"
123.296622951156,14.0158425081275,"051735000"
122.832329210084,11.5348005567842,"061909000"
126.073630258443,9.99950397347264,"166704000"
125.495095242981,9.64711949236241,"166722000"
122.711446056777,10.8345435400626,"063018000"
124.022796520418,11.2265722910483,"072221000"
124.352091986614,11.4331141087692,"083742000"
124.300626575779,12.5123892876287,"084801000"
125.004230150147,11.4336293087062,"086017000"
124.75390228744,11.9640637654142,"086026000"
124.551480045704,11.5619443609915,"087804000"
120.371398304267,16.6698754936876,"013316000"
123.043177898338,7.7541232705056,"098302000"
120.221572727593,16.0027780058432,"015522000"
120.435848115892,16.1451497189636,"015533000"
124.602001527228,8.37277774103645,"104305000"
121.619556597077,17.0341891995612,"023130000"
120.824106866065,14.8328043060025,"031410000"
120.036519936164,15.3677243552232,"037105000"
121.040351775663,14.349179927143,"043425000"
121.032257585313,14.5534383370086,"137602000"
121.728478492864,13.982055970044,"045630000"
124.354198405867,7.83170872358606,"153622000"
124.168929029483,7.73064837442202,"153628000"
123.582233004003,13.0490778539953,"050505000"
121.086635083774,6.04908781483201,"156611000"
122.68213070477,13.9487722172167,"051712000"
122.97856303544,13.6647664829076,"051718000"
123.56412264268,12.3369053258796,"054111000"
124.032427632563,11.8564628676522,"054116000"
122.374995317679,11.526980632386,"060402000"
121.98367009778,10.8487268943815,"060603000"
126.04970933594,10.0136325903497,"166721000"
125.608027167152,9.97407990651985,"168503000"
123.830782514834,9.60973443371192,"071219000"
124.218463578744,9.6644105190458,"071247000"
123.776520778391,10.4834193849152,"072208000"
125.704092266625,11.0897291886921,"082616000"
124.772273940675,12.4123235053238,"084813000"
123.390605565892,8.45429547020689,"097210000"
120.694674408564,18.0250103406712,"012813000"
120.420332780904,17.6443228302436,"012928000"
122.824495140204,7.33652373864603,"098310000"
125.166900799507,7.71287628016354,"101317000"
121.880103691547,16.9777282213505,"023120000"
121.587758121522,16.8748078595511,"023132000"
120.764050513052,15.1796226047695,"035403000"
125.39855353863,6.90472175234244,"112412000"
126.434528372922,7.56840609223454,"112501000"
120.748744061549,14.1622904268313,"042112000"
120.727840979816,14.2310120276114,"042113000"
120.863444189783,14.4136098067622,"042117000"
120.674219631312,14.2637009078221,"042121000"
121.120309860777,14.187203531391,"043405000"
121.494755761952,14.4769709781439,"043429000"
125.465136539984,6.49329256419973,"118604000"
120.975412078996,14.6010782869159,"133902000"
121.58973638911,6.67479001042081,"150712000"
124.393624735787,6.88995476142495,"153827000"
124.015862645806,6.91263065701455,"153830000"
121.230558979162,5.98207199583584,"156607000"
123.359256088922,13.8668963261542,"051737000"
124.3095407588,13.8465087745728,"052010000"
123.989780938595,13.0180440630976,"056216000"
122.33580727773,11.7175728121082,"060416000"
122.617679838891,11.3116963442124,"061903000"
120.514960944379,17.3137472301436,"012904000"
120.431613778738,16.8800070399215,"013306000"
119.871851900232,16.3225796833988,"015514000"
120.670664548753,16.1036047540708,"015535000"
125.00661439362,7.52138438799303,"101308000"
124.797763368901,8.91935426609101,"104304000"
124.343440238922,8.48260583572043,"104310000"
120.490094139835,14.7597823269648,"030812000"
120.756683778275,15.1062359375075,"035419000"
124.815912333447,8.92660373400166,"104323000"
121.170665369262,13.9396541057685,"041014000"
121.069209469188,14.3071321016707,"043403000"
124.878186460265,6.60274173620697,"126507000"
121.041395206975,14.5830872651479,"137401000"
120.719846280689,17.5235375220258,"140103000"
120.575038528048,17.5392849199095,"140118000"
124.354718817396,7.00990754071479,"153831000"
122.9487335533,14.1062737908766,"051603000"
122.77443493644,14.2544603823824,"051608000"
123.221908394592,12.8676015893436,"054107000"
123.310330866411,12.225858733852,"054110000"
122.461092676387,11.5141766121708,"060401000"
122.484251419332,11.5694877817325,"060404000"
122.036204467313,10.9226790044178,"060612000"
125.888605362444,9.24080861407266,"166813000"
120.723685252414,13.3974402795355,"175101000"
124.342885478293,9.69317482405769,"071225000"
123.774783318868,9.5793239040386,"071233000"
123.871130876111,9.6656928546034,"071242000"
121.449096513184,13.1320558351272,"175210000"
125.39571957771,11.4042361827553,"082603000"
121.054862821353,10.8873447414955,"175314000"
124.712469910508,12.0575200255441,"086016000"
125.2331352554,10.2894070630717,"086401000"
123.526929290586,8.4598842800301,"097204000"
120.471003342259,17.1255851398304,"012925000"
122.822259220546,7.8621903838432,"098306000"
124.709298493013,8.24639631012945,"101301000"
123.819872451915,7.97864658133679,"103503000"
123.973852302771,8.1147455267157,"103512000"
123.759993595074,8.39378396237771,"104201000"
121.805920005056,17.0742972670053,"023113000"
121.340335460052,16.3286269979261,"025009000"
120.949203476288,14.8813522220898,"031415000"
120.597207611469,14.9862732001765,"035407000"
125.632182061509,7.5113103771516,"112318000"
120.542954435969,15.6638706546657,"036910000"
120.928956498961,14.178273244184,"042102000"
121.037541042304,14.3021095259897,"042104000"
125.067928181025,7.26405964851922,"124715000"
124.463470409921,6.89156752924526,"153808000"
124.322736977782,7.48021595414092,"153818000"
123.465504498574,13.0626401597998,"050513000"
122.861053542811,14.0805102418057,"051609000"
123.269581107533,13.7095680849304,"051708000"
123.956480792816,12.0014665148044,"054105000"
122.329303630432,11.599028907435,"060403000"
126.033854659087,8.33287964451169,"160307000"
122.077589377604,10.595765435773,"063040000"
125.564465915653,10.1899379291989,"168504000"
124.106106602395,9.60827414602355,"071227000"
123.949880260137,10.2589373453091,"072220000"
123.451864164771,9.99379787323701,"072239000"
123.655886161041,9.17795628925655,"076104000"
123.520006869849,9.1527514419921,"076105000"
125.2092042233,12.4396239183267,"084812000"
124.060841429042,12.3396269486658,"084821000"
122.079622022989,12.4055669081395,"175917000"
123.076169593173,10.3433808183981,"184517000"
124.424642530789,11.6758980626606,"087806000"
123.317750547847,7.52965909584465,"097305000"
120.919405961328,18.453390806824,"012801000"
120.495847649299,17.787863968171,"012905000"
122.517641000242,7.84521002866769,"098315000"
121.903313886265,18.2159090575502,"021525000"
121.749286793225,17.610339587486,"021529000"
121.881423617072,17.3864568463898,"023106000"
122.315472286066,17.2419423459907,"023111000"
121.008803594345,14.9304125983121,"031401000"
120.759393030768,15.6557389898162,"034911000"
120.947561443987,15.3597975149779,"034927000"
124.341731117427,8.4190798861599,"104320000"
124.793825400233,8.5762914529441,"104326000"
120.927360266178,13.9677933904427,"041001000"
120.880667148681,14.4355563778021,"042116000"
121.111409151776,14.2390517228238,"043404000"
125.969319091545,7.74226592301717,"118208000"
124.620736563253,7.16889438191484,"124717000"
124.884516798015,6.47888405163205,"126306000"
124.704268818094,6.00938009035127,"128003000"
120.935843690213,14.6751501038294,"137503000"
120.596165818998,16.3999474944202,"141102000"
120.804399228595,16.4606639981898,"141104000"
121.215999148695,16.7851609275747,"142704000"
121.154676673474,17.9944209280109,"148104000"
123.261915364065,13.4555712310074,"051706000"
123.514789365486,13.822396273077,"051717000"
124.02939717528,12.7123377985968,"056209000"
122.091496808256,11.7424863289049,"060611000"
126.031869761206,8.1936135964543,"160302000"
123.932055783297,9.68859066349884,"071215000"
123.728165336906,11.1881516194192,"072209000"
123.82120308984,10.2835281667668,"072250000"
124.84930353948,10.3351759957392,"083707000"
119.460662820591,10.8219279352359,"175320000"
123.284048684531,9.30310584865029,"184610000"
123.155011726031,10.0739862537619,"184613000"
125.161720583376,10.1330899897955,"086406000"
125.241299225538,9.97506841039369,"086411000"
120.551215031119,17.4403863681729,"012913000"
120.491517098844,16.8466495492549,"013319000"
120.823500720823,15.9846295057576,"015537000"
124.828321907896,8.8076704454,"104313000"
120.96673722735,14.993302109269,"031422000"
120.117727411291,15.0104008290107,"037112000"
121.534911609606,14.3747238002132,"043418000"
125.936011469685,7.50497483363809,"118206000"
126.002267206825,7.54940279221701,"118209000"
121.110897297093,17.2606605963156,"143215000"
121.582070619575,14.5128036170006,"045638000"
124.116412054174,6.95964344542034,"153815000"
120.561286494558,5.27953755533118,"157006000"
126.019445230994,8.00464262861128,"160310000"
125.587133404855,9.63917866405538,"166717000"
122.242063195896,10.754445738467,"063021000"
122.578448822964,10.8723065367339,"063032000"
126.180350743325,8.41546715489239,"166817000"
126.146256732106,8.9494873096422,"166818000"
119.957180034474,12.1733185727573,"175307000"
125.285700087042,11.197243397183,"082612000"
125.363023265291,11.4644564954492,"082615000"
124.899817066097,11.386034686242,"083705000"
124.918157176556,10.7479446394208,"083724000"
120.720653198085,18.0766176675126,"012809000"
120.474578409651,16.6092398060202,"013304000"
120.344919679973,16.0541356207344,"015518000"
120.835467252075,16.0475956031025,"015529000"
122.430683904241,7.70202201066968,"098312000"
124.027595193987,8.15068950096256,"103501000"
123.765168134341,8.3311939590264,"104207000"
123.588280516365,8.51348309376999,"104213000"
121.611262772634,17.1227804258591,"023126000"
121.195398695945,15.0700560643438,"031424000"
120.6151840673,15.7354137780558,"036901000"
120.466934461819,15.2453106025948,"036902000"
125.370919126589,6.53746711268617,"112408000"
121.262563952327,13.6655175523233,"041015000"
121.527825112204,14.1881651586721,"043412000"
124.645722499382,7.05367650198709,"124712000"
125.359222790907,6.16775286286113,"128001000"
121.057224367835,17.3529890884822,"143208000"
122.171489978049,6.48510174010476,"150709000"
121.586322212186,14.6755160757461,"045620000"
124.332684328664,7.87176277156562,"153626000"
123.372573957803,13.2486688054021,"050507000"
122.410502790506,11.6348526833759,"060415000"
122.996274166301,11.1445229010974,"063001000"
125.379046374635,8.84489033437815,"160201000"
122.72232192797,10.9089175817399,"063007000"
121.373124187351,12.9326888299153,"175206000"
123.858289481648,10.6922171472228,"072252000"
123.608013518525,9.14002956697541,"076103000"
125.212841800334,12.277438834614,"082611000"
125.196294015806,12.1242365588748,"082614000"
124.587234285171,11.288402139981,"083714000"
119.457444907842,11.1948410292325,"175312000"
124.162526750802,12.4281272240891,"084804000"
114.284681783242,11.0528245108401,"175321000"
122.013292025722,12.4001180997427,"175909000"
122.859255662055,7.36746949666294,"098314000"
124.168745612281,8.12171355936417,"103513000"
123.687453711342,8.10460698282326,"104215000"
124.299149649295,8.34054937813424,"104316000"
121.531386140328,17.9132983542153,"021526000"
122.156586668367,16.9034694858534,"023131000"
120.844659952725,15.2349797971062,"034904000"
120.106041333358,14.8792346291889,"037109000"
120.892266302988,13.6476483132883,"041033000"
120.898428510843,14.1303742318301,"042114000"
124.580725987146,7.47458275749277,"124701000"
120.864738787956,17.378699021247,"140102000"
121.427211598406,13.9354162307778,"045608000"
124.146020413351,7.90526635804731,"153629000"
124.209693547421,7.72897312073825,"153641000"
124.400781328888,6.85457163065757,"153835000"
121.16100460471,14.6827706435464,"045811000"
123.437301765112,13.451264736828,"051716000"
124.181292713392,13.8725691161431,"052004000"
121.956681227585,10.7719140172178,"060613000"
122.118145410671,11.5892766235159,"060615000"
126.083397597291,9.85511383540708,"166716000"
122.586373609425,11.0558779500713,"063017000"
120.274356816501,13.7449884708894,"175103000"
125.58907221499,11.3226709078983,"082610000"
124.972972516998,11.8510764294676,"086009000"
122.574683227811,9.58485136505223,"184512000"
125.007453665927,10.0681690956487,"086410000"
124.95263707511,10.2748627893246,"086418000"
123.486712691336,8.60382544354824,"097217000"
120.647347623547,18.1350173732843,"012821000"
120.4038736969,16.4096736436262,"013302000"
120.481103631075,16.3131590570886,"013312000"
120.578297697272,15.8650988897429,"015540000"
125.011856406612,7.59608346794032,"101303000"
125.183119770469,8.15975015293354,"101312000"
123.926703356098,8.01285900537974,"103511000"
124.057643446389,8.02133904626906,"103514000"
125.103450491148,8.77592518884733,"104308000"
121.520520546821,16.7891781877078,"023124000"
121.238785594709,16.2047439707646,"025007000"
120.764007349786,14.9023726581675,"031407000"
120.989234880453,14.8390625617538,"031423000"
120.896803881548,15.7334855603808,"034917000"
120.561122826401,14.8987890627713,"035408000"
120.555109590344,15.2170297107085,"035409000"
121.140312030089,13.8190412235992,"041010000"
121.089766478963,13.8782747354643,"041022000"
120.987748046549,14.2145904864097,"042118000"
121.062471049928,14.5166465011151,"137607000"
124.23580853178,7.09471203582158,"153807000"
121.004217303759,6.05299691488065,"156602000"
123.695578195461,13.3329317255961,"050517000"
126.045988034725,9.75009358445266,"166707000"
122.826796934622,11.1526502627208,"063042000"
125.581316239937,10.2817692258974,"168507000"
122.618982255087,10.5140665200341,"067905000"
124.097506966927,10.0006222126325,"071224000"
125.736606480363,10.853545794592,"082609000"
124.876376963097,11.0694672442125,"083717000"
124.509262216567,11.636425996567,"087805000"
123.184842998641,7.57463119335803,"097317000"
120.500754657012,17.4473732223411,"012914000"
120.548806098093,17.119573263949,"012916000"
121.7213130965,16.9675990170119,"023116000"
120.867604209496,14.8882872071575,"031417000"
125.342131509824,6.64386307983113,"112411000"
120.687256066191,15.5722988951846,"036917000"
120.801385130853,14.1794093189929,"042107000"
126.136993563976,6.53918609967128,"112506000"
124.766884025969,7.31258848520516,"124702000"
124.4455614578,6.61191137615248,"126504000"
121.006406311779,14.5898756742479,"133912000"
120.620709378829,17.7450101314167,"140106000"
120.583224830069,17.375778037561,"140119000"
121.069411156091,18.2971469220585,"148101000"
122.279998726358,14.0544549625295,"045607000"
122.316308411565,13.644005417467,"045610000"
124.474798106514,7.03742810563683,"153806000"
122.775602472388,13.8653962829662,"051730000"
125.521739518959,8.43245984844226,"160309000"
126.078790678009,8.69439681963455,"166811000"
124.040527545344,9.64433368159404,"071229000"
124.564709942854,10.1040477484398,"071235000"
123.605793977368,9.2402550342785,"076102000"
124.768408656965,11.1596878431252,"083723000"
124.498842068695,11.3408757705958,"083729000"
118.297880225336,9.27685927738105,"175315000"
125.023260489823,12.3005453802882,"084810000"
119.190098144741,10.4546962898638,"175319000"
125.081031788553,11.6051860072154,"086004000"
117.560387698538,8.83201927444568,"175323000"
123.079630247319,10.7666319082244,"184526000"
125.157472602522,10.3846596931839,"086403000"
123.450425643874,8.41826147549521,"097209000"
122.992971968642,10.6470580909636,"184501000"
121.84124135565,20.7686490372068,"020902000"
124.442496446268,8.59183569139324,"104314000"
121.643154891322,16.9835606475001,"023103000"
121.43190442728,16.7234492492299,"023109000"
121.10261801811,13.7101538557148,"041005000"
120.822845655599,13.9772705961096,"041007000"
121.148959157789,14.0329612692412,"041017000"
124.716848767108,7.48268182797191,"124716000"
121.003629580211,14.6053194829795,"133906000"
120.979164475724,14.7099930687012,"137504000"
120.806816246142,17.2552323825262,"140126000"
124.166644529911,7.99189265673962,"153621000"
121.21848204882,14.7727199750274,"045808000"
123.132990388704,13.644339730666,"051710000"
122.388249939341,10.8541497870658,"063002000"
123.118063819448,11.2174536021789,"063015000"
126.276103607208,8.89523703507554,"166804000"
126.195588349502,8.75378074637929,"166815000"
123.619169237662,10.2659945072829,"072237000"
120.175105807427,12.0526935084626,"175309000"
120.390682663318,17.5349350673149,"012907000"
122.709660180383,7.84198538789916,"098309000"
119.977937221499,16.1518601068398,"015503000"
120.457866882704,16.0863332124741,"015534000"
120.549665242577,15.1652126455766,"035401000"
125.16769640612,6.66064579609335,"112410000"
125.304871381594,6.57894657827251,"112414000"
120.9062231741,14.0510944912379,"041011000"
121.261154051323,14.1446160288247,"043402000"
126.040118887825,7.20228672499613,"118211000"
124.430948970262,7.30816061898733,"124711000"
124.762390669379,6.57151363910819,"126315000"
124.872153571941,6.13771894597451,"126316000"
125.014199629891,6.63676751559394,"126502000"
120.848063523764,17.4369884989077,"140104000"
120.510235596935,17.5219629233851,"140123000"
120.518530929833,16.4991391064582,"141112000"
121.021408995213,17.1868756395403,"144408000"
124.229103251167,7.96238291718611,"153616000"
124.365420099229,7.91785626413071,"153619000"
124.188151998518,7.48836931751171,"153639000"
124.532257990292,6.81797401858585,"153828000"
119.817753738604,5.08902607027882,"157002000"
123.232684970158,12.0214743724481,"054103000"
121.950158173378,11.7873470945177,"060610000"
122.866676669993,11.4377198404238,"061912000"
124.374143899688,10.1291187732129,"071248000"
123.696137006425,10.3587935091653,"072251000"
117.816143392212,8.85076866184196,"175306000"
122.55799761446,9.90846157474725,"184507000"
123.160831626486,9.2912180000349,"184623000"
124.919532220639,10.3822789057526,"086402000"
123.339453771781,7.44672062754021,"097338000"
123.253006697027,7.84311624835555,"097344000"
120.565649085983,15.9082309881715,"015547000"
121.092917279332,18.574558344602,"021511000"
121.961066306393,16.6760228769252,"023128000"
121.188318833652,16.1180657118711,"025008000"
120.928945492508,14.9307196962156,"031406000"
121.155834261985,15.8234170653326,"034920000"
124.972501755307,8.88731848535415,"104319000"
125.852647335004,7.60246717067241,"112314000"
121.436475760633,14.1416237844514,"043410000"
125.42317154868,5.41764634661449,"118605000"
124.71915137062,6.33740193533404,"126313000"
124.589936761842,6.24442271278323,"126319000"
120.595004453102,16.4631791993649,"141110000"
122.186456129369,14.7958394269843,"045632000"
121.958389605704,14.1781670815305,"045633000"
124.120212843066,7.75109421485827,"153620000"
124.515442709526,6.92088412674768,"153820000"
120.960062881287,5.99356281619935,"156601000"
121.169113713475,14.5395056383086,"045801000"
123.688865497054,13.11482629956,"050503000"
123.403452560648,13.1665911518462,"050512000"
123.832630264478,13.797685725011,"051711000"
125.68676551298,9.50684001241592,"166711000"
126.070399794399,9.93400682244112,"166720000"
124.116127144975,9.7061841704087,"071208000"
123.732188382687,11.2661044282362,"072228000"
123.326106386968,9.50755669076362,"072240000"
124.333003877573,10.6469422531493,"072242000"
124.769567303339,11.3061442981287,"083706000"
125.026188274587,12.539021734052,"084808000"
120.543269088226,17.9479806591792,"012819000"
122.922091417442,7.51965500155576,"098301000"
124.754073146626,8.33347753893284,"101311000"
123.756116156706,8.29492949781055,"104214000"
121.552838910261,14.2464817991067,"043407000"
121.224400011194,14.1532315005864,"043411000"
120.98594791102,14.5985213671134,"133903000"
121.036699803631,14.6024727102373,"137405000"
120.590134106402,16.6072451769048,"141108000"
121.84901572747,13.9270712860782,"045629000"
124.739208834873,6.96903511170247,"153810000"
124.436535412117,6.95463835315194,"153826000"
121.334036751983,13.9392359017661,"045648000"
123.69895204509,12.9523438427925,"056213000"
124.156749583537,13.0362335717874,"056214000"
125.653663693422,9.14394889998481,"160203000"
125.503143348235,9.56212530369785,"166714000"
123.535397636458,10.112998411037,"072210000"
123.488521032938,9.79973623625411,"072222000"
124.843947940183,11.3214315887888,"083743000"
124.586421493882,12.1909350086146,"086003000"
125.190587758984,10.2723344367767,"086414000"
120.527783102925,15.8365751699846,"015504000"
121.971693841274,17.922649404614,"021506000"
120.875469374638,15.3814824244441,"034912000"
120.810206766661,15.76318714689,"034931000"
120.472971533597,15.0986282685211,"035415000"
126.432194084357,7.20931738188018,"112508000"
126.377761592054,7.08089228012738,"112511000"
120.707556837292,16.3170055502658,"141106000"
124.181079805214,7.92128642581216,"153603000"
124.271613802407,7.29979701771397,"153824000"
124.424949654829,7.16863722705742,"153834000"
121.236305149262,14.6558860240045,"045802000"
121.167963016166,5.81774533303688,"156610000"
120.838335784697,5.68602060790905,"156617000"
124.010113245331,11.8116191245921,"054109000"
124.042449306697,12.859232501476,"056205000"
122.668756078395,11.4287024303943,"061916000"
126.003644106049,9.93858719874587,"166718000"
122.494873924327,10.8810450524456,"063012000"
122.420087044097,10.9962664891761,"063023000"
122.183635699993,10.6852548639413,"063030000"
122.377310569611,10.7150520854173,"063045000"
126.209098779997,8.82484649873286,"166814000"
120.842202335989,13.1158307139293,"175111000"
123.993525387703,10.8487554564902,"072213000"
124.835040861492,10.6754550512037,"083708000"
124.399606250741,12.4312985404265,"084823000"
122.044097988499,12.5397497105594,"175912000"
122.81893422801,10.5196640538582,"184522000"
123.163534844795,9.35117073945278,"184620000"
120.781040170695,17.9818603129198,"012814000"
122.570196894158,7.78174525400971,"098305000"
124.875669318073,7.53963763868185,"101306000"
124.315816425836,8.15938708235923,"103520000"
124.435874335387,8.48761219383378,"104301000"
121.674567062551,17.9156614875872,"021502000"
121.806982224486,18.2429946338131,"021508000"
121.540079216707,18.0590196397313,"021517000"
121.458519331222,16.5501745092831,"025703000"
124.832926019096,8.86055916733976,"104322000"
125.681214283983,7.43969002312549,"112323000"
120.596145929428,15.4814656515742,"036916000"
121.270398308876,13.8045357419627,"041021000"
121.480359732749,14.1392641564729,"043416000"
120.600912101839,17.6112035614487,"140101000"
120.843301013482,16.6188635034454,"141107000"
122.185791070819,13.7602434179873,"045625000"
124.124364811416,7.88777047177848,"153601000"
124.074270874327,7.62722333640344,"153615000"
121.010110767108,5.94865414814946,"156605000"
123.258671562776,13.6430305960095,"051724000"
123.126343803268,13.524013040833,"051732000"
124.265676448054,13.9616219255707,"052001000"
118.477299108753,7.00862294267273,"157003000"
125.415972647497,9.71397572563185,"166719000"
122.792741698641,11.0401561073839,"063006000"
123.134649368044,11.4531650743885,"063019000"
122.546667991691,10.4680083866474,"067903000"
124.163350204653,10.0464171737068,"071209000"
124.281538110615,9.66327475788346,"071222000"
123.474337376528,10.0407088700535,"072224000"
125.023939598587,11.0350342560599,"083749000"
123.212693776609,9.40426104487658,"184617000"
120.356487243319,17.5858728206741,"012923000"
120.377025805508,16.4399505850656,"013309000"
124.826707673272,8.95432987346508,"104312000"
121.622172839957,17.20961492641,"023119000"
120.734360504228,14.8165948314945,"031409000"
121.181967431219,14.8780693265468,"031413000"
120.864978271393,15.5055347207568,"034901000"
120.792379619294,15.4449864022215,"034932000"
120.716100150548,15.4460247689619,"036907000"
125.222056661175,6.85628598771987,"112401000"
120.054427473551,15.5376450614857,"037106000"
121.239636547121,13.8742465639229,"041020000"
126.222694273477,6.8313199421947,"112509000"
120.534519760769,17.6106674628659,"140112000"
120.904956446702,17.8318781007795,"140125000"
122.277654909133,6.63630448562911,"150710000"
122.297173598796,13.8366542923459,"045622000"
121.615361246709,14.0370577223793,"045647000"
123.075670655584,13.5885502095186,"051726000"
122.960325418602,13.7941845046223,"051734000"
123.638577554377,12.6298105523066,"054114000"
122.583478344978,11.4314825828646,"061908000"
125.904740404646,8.03723849090883,"160313000"
122.34456755648,10.8246859729368,"063028000"
122.534476250533,10.7695825146933,"063036000"
126.14850989327,9.21001875909653,"166808000"
123.934451334239,10.9795075488798,"072243000"
125.448938399084,11.3518792893056,"082613000"
119.813009429548,11.4284549352332,"175313000"
124.95364369524,11.0375296185737,"083746000"
120.532105375738,17.2586138005877,"012911000"
120.448993717311,17.2733674689104,"012927000"
123.762534318682,7.95352321920812,"103509000"
123.691632124441,8.58776183849053,"104212000"
124.844517255328,8.7460696243847,"104302000"
124.775262379004,8.65485780407256,"104311000"
121.674832953445,16.8151837552242,"023101000"
122.029087623621,17.1502333155847,"023114000"
120.903321220412,16.1832741169226,"025012000"
121.525971881255,16.1318261388078,"025706000"
120.506669431293,14.4748619462783,"030807000"
120.909065143089,14.8283497530549,"031402000"
120.309838089141,15.5589101552486,"036908000"
125.20062874078,6.53106279363781,"112406000"
120.329359094042,15.6656414323218,"036913000"
121.515630066589,14.2983007806524,"043413000"
120.982287505805,14.5838351569114,"133908000"
120.791398418659,16.8563372587983,"141111000"
122.205537816604,6.60184629342834,"150707000"
122.425932241575,13.9082041173929,"045618000"
124.77773457786,6.78503687965088,"153823000"
121.202316931598,14.4571062981119,"045804000"
123.759978562832,12.1711177027433,"054121000"
123.816535638735,12.950444181566,"056206000"
122.084315616004,11.3126698688025,"060617000"
126.254862837896,8.95150883656452,"166802000"
122.539959068124,10.822579944147,"063043000"
121.032478630704,12.8892106884177,"175109000"
124.283884322037,9.77997080747627,"071240000"
125.364101494262,11.197483056435,"082602000"
124.856732380226,11.660585479924,"086023000"
122.725000195596,9.82963175593741,"184513000"
122.363828725448,7.94867499479924,"097223000"
123.426149480824,7.67866942703522,"097325000"
120.791875997051,18.1009965386397,"012822000"
120.492329058062,16.7504785230061,"013318000"
123.309980712341,7.74883049585875,"097343000"
122.898709693709,7.39012792247013,"098307000"
120.2891750024,16.0060863275096,"015513000"
124.952680467742,8.52578322573834,"101313000"
124.370731180846,8.53044347967868,"104315000"
121.556776433985,16.6784713718791,"023135000"
121.181831498931,15.5406823759404,"034913000"
120.812509969786,15.0336728945515,"035417000"
124.499880943614,8.42673873615889,"104321000"
121.621038351369,15.9971193107679,"037706000"
121.104970621154,14.647311437605,"137402000"
121.069478634452,14.5450974316339,"137606000"
121.241796520994,16.9012635069812,"142706000"
121.310890049016,18.1447720226891,"148106000"
121.406276616768,14.0131578147676,"045615000"
124.472074145417,7.78457135761384,"153611000"
124.246762263134,8.04220930458438,"153625000"
124.251231366369,7.36227232585586,"153811000"
120.91684189563,6.22843031322536,"156606000"
122.875515898901,14.0150090896572,"051604000"
122.010228028334,10.6662338485138,"060608000"
122.400382378039,11.3674639849948,"061906000"
122.628282290756,10.8273408247953,"063047000"
120.138449999812,13.8114085554746,"175104000"
123.859997031557,10.3792392250973,"072217000"
124.508484162394,10.9572428750544,"083736000"
124.886942950291,11.8382651189958,"086005000"
120.865258307977,18.2188581848555,"012807000"
120.451912761349,17.5979641023445,"012903000"
119.803837887528,16.101513711978,"015501000"
120.563056995284,14.5375901216129,"030806000"
125.205597343068,8.97107419493889,"104317000"
121.87984132881,16.1863470756894,"037704000"
122.123871048912,14.0553163246388,"045637000"
124.296623511251,8.02122269851826,"153617000"
124.839993709976,6.65532778378728,"153832000"
123.734129000371,13.3036257531714,"050509000"
123.57722971012,12.9709704551543,"056207000"
122.682324159565,11.5195174309298,"061905000"
125.607820164525,9.485407519563,"166701000"
123.184456760904,11.5204863867413,"063014000"
122.580102997455,10.9297254058183,"063031000"
122.053880678918,13.3268263777525,"174006000"
124.481487448936,9.82849547481896,"071211000"
123.903731695207,9.71917056714299,"071216000"
124.519036497113,9.90540933794301,"071231000"
123.950286214945,10.3964263907055,"072219000"
123.992412383808,10.286819346737,"072226000"
123.977138629961,11.1426714956736,"072231000"
123.675829556313,10.1852133176503,"072241000"
125.050286445387,10.6437000829012,"083701000"
124.971816424097,11.1587811941366,"083739000"
124.759259851339,11.2543653655538,"083750000"
125.092871218481,12.3910804902769,"084806000"
122.108675629946,12.5542389229844,"175911000"
123.446922203639,10.7262169142719,"184529000"
123.026131252852,9.59144854656257,"184604000"
123.075115800402,9.76093483781839,"184607000"
123.061496863739,9.70188041208672,"184615000"
124.404048538164,11.6350690205916,"087801000"
120.863039792707,18.5625973536873,"012815000"
119.85235987415,16.2092195601132,"015508000"
120.352457701782,15.8252614921376,"015545000"
123.932698123849,7.7908587426486,"103515000"
123.89037346485,7.90383158340522,"103518000"
122.146567016429,17.4319258590123,"023117000"
120.922340533909,16.3998282755252,"025010000"
120.426905578422,14.8172508530665,"030805000"
120.882549187377,14.9614565915438,"031403000"
120.78372924311,14.8097660908159,"031416000"
120.907019911223,15.8535653283726,"034916000"
126.269955436751,7.91658143822051,"112503000"
120.034215331555,15.7585715435456,"037113000"
121.013807888067,13.8662584683997,"041002000"
121.183432833581,14.0756620901095,"041028000"
120.870546490401,14.1913569015944,"042110000"
120.722211359552,17.6467453604178,"140107000"
120.780917351377,17.6357066112827,"140110000"
120.688103762626,17.3269191297976,"140114000"
120.753691134827,17.7059697810265,"140122000"
121.869413396403,6.61973556198165,"150703000"
124.457956436891,8.00261665313018,"153606000"
124.367513256708,7.11851790970365,"153814000"
121.219446738175,14.5611449541933,"045814000"
123.206629484493,13.6835062704456,"051704000"
125.797415387095,8.7589595714622,"160301000"
124.18392750951,10.1270205698098,"071226000"
124.278554514957,10.117470230172,"071243000"
124.458915193732,9.99817435269302,"071246000"
124.434812413707,11.9261000199289,"086018000"
122.145241120705,7.15592007248813,"097332000"
123.579436342978,10.0248849921052,"072246000"
124.699460302059,11.2535281498841,"083715000"
124.916512625142,10.8852607549501,"083728000"
118.780385627183,9.91428440695072,"175316000"
123.256899419291,10.5892629014577,"184532000"
122.94281301218,8.055488873191,"097226000"
124.485561510208,12.4932863627432,"084819000"
122.993375414667,10.1331984298658,"184503000"
125.23883462451,10.3451552797432,"086404000"
123.423727560048,7.90912990116781,"097312000"
120.61198720336,17.1520628817772,"012910000"
120.371492950418,16.3259434691967,"013301000"
120.008797914629,15.8654864997564,"015520000"
120.115627685076,15.9979912080831,"015521000"
120.772462374101,16.1243700616868,"015536000"
124.934745792559,8.28576273564975,"101319000"
123.77047500452,8.21019458909899,"104205000"
123.776570993336,8.15597892200442,"104210000"
121.689497625296,18.2696508430036,"021510000"
122.123772514305,18.2505967530382,"021514000"
121.965959192823,17.6837036352852,"021519000"
120.693199442965,14.9596462087145,"035414000"
125.316647841853,6.83944942696571,"112403000"
120.629505675382,15.6739400498182,"036912000"
121.455433964041,15.6118437213265,"037708000"
121.390415690867,13.7575304119137,"041023000"
122.028756525469,14.1183175656019,"045602000"
120.984157380413,16.8715978308033,"142702000"
121.271416869009,17.279247894463,"143214000"
121.705096073308,14.2317964243987,"045627000"
123.762599855348,12.3999961311976,"054104000"
122.109958797475,11.1559024403678,"060609000"
122.746829071377,11.2493969164987,"061904000"
122.94855544893,11.4186988172545,"061913000"
122.396011730789,10.9262854363345,"063029000"
122.470414322878,10.7848366099391,"063041000"
123.548037540304,9.91793326691696,"072205000"
123.969992884277,10.5990819766011,"072215000"
123.940341895522,10.5400600735007,"072223000"
121.333385167602,13.0542351561621,"175214000"
125.335193508215,11.5879564138252,"082604000"
124.863055559246,11.2198954657505,"083702000"
124.820428348685,10.4150528486778,"083719000"
123.109295719352,8.46190541761668,"097207000"
123.488713939024,8.16632206902312,"097319000"
123.411901947601,7.41950792877197,"097327000"
120.555711837131,16.9790132848577,"012932000"
120.44326809153,15.7887102902647,"015511000"
123.599099195482,8.0813684270631,"104203000"
121.32781792966,18.444984219943,"021518000"
121.516989429568,17.7741677064644,"021520000"
120.769477209114,15.5315632146982,"034914000"
120.687644796963,14.1189408498404,"041019000"
121.401631118845,14.2606711262011,"043426000"
121.981942287621,14.915689952024,"045606000"
126.154680490945,7.68871625469458,"118201000"
124.544069569226,7.28826424073967,"124705000"
125.000922105517,7.30287373210801,"124713000"
124.733113762343,6.71799431805845,"126510000"
120.981481239431,17.0928985414062,"144404000"
123.973483263617,7.69968309130082,"153635000"
124.423794561924,6.78553020072537,"153801000"
120.960461934098,5.71055095107265,"156614000"
120.703771370947,5.55836608158328,"156618000"
120.002706906096,5.13979831905194,"157001000"
123.882998881979,12.8092605989136,"056211000"
121.946204587989,11.8937672888377,"060412000"
122.744715636898,11.5561691781684,"061914000"
122.079274647987,7.30594229527841,"097216000"
120.509018974371,17.9059636876375,"012803000"
124.166209613552,8.05040609481564,"103516000"
124.399666842949,8.56030559444231,"104309000"
122.420523588693,17.0088157641196,"023121000"
121.092627179418,16.3890256941785,"025004000"
120.967937667048,14.7523840320821,"031412000"
121.011586591946,15.6710142307119,"034915000"
121.571186225985,15.7450524696352,"037701000"
122.055763893291,16.2408586631432,"037702000"
120.970178812323,13.801342141087,"041006000"
126.070663229876,7.86533353777003,"118207000"
125.065689756249,7.0374873319387,"124704000"
124.63128377311,6.79094606919438,"126508000"
120.992180281573,14.5956540261584,"133907000"
121.449007308009,18.268993244304,"148107000"
121.56957313271,14.1108074661718,"045623000"
124.069692624156,7.91873684259822,"153613000"
124.043778957273,7.79788036404592,"153623000"
124.462203942229,8.09224570113254,"153638000"
124.36947438493,7.03648324094345,"153821000"
122.538432259913,14.0270093431536,"045646000"
123.84528870544,13.2857490743851,"050501000"
123.66365484105,12.2739076758989,"054113000"
123.925604129435,12.6839132072458,"056203000"
123.083260822831,11.4546991271909,"063005000"
122.555204705386,10.7234889026694,"063022000"
123.364874401617,9.65608068442127,"072229000"
123.400507963956,9.53947575072915,"072235000"
124.860346932552,12.2811300836321,"084822000"
124.943473973555,11.5389129956864,"086021000"
123.292733966161,10.3433709073196,"184624000"
125.071521209104,9.93055666555294,"086419000"
123.553620110613,8.06182401716522,"097328000"
123.477021568881,10.8021972937365,"184509000"
122.66595935882,9.45565815494716,"184605000"
123.207830961426,10.3765885887303,"184608000"
123.046015746199,9.4284250925358,"184616000"
126.132130374663,9.78845174794607,"166710000"
122.631872073302,10.9295663177225,"063037000"
121.884067413013,13.3238565584155,"174003000"
123.91701408201,9.63630080198803,"071205000"
123.722519011768,10.2432013554102,"072234000"
124.529645261735,12.4386267937442,"084803000"
123.254825140381,10.8516617485266,"184504000"
122.252699965677,7.8199863904235,"097224000"
120.710828386208,17.1225855371219,"012915000"
120.359568022357,15.9934540435306,"015517000"
120.428155928239,15.9884684749409,"015538000"
124.88967130596,8.37432191185018,"101314000"
124.154545460257,8.1678909725997,"103510000"
120.870971044236,14.7680291474315,"031405000"
120.971283673221,14.7728591925912,"031411000"
121.007495792242,15.2853318311209,"034908000"
124.982468359524,6.35021313614675,"126317000"
121.008596851668,14.5780637423262,"133914000"
122.376378282069,14.7005051053601,"045621000"
124.8004184797,6.75244419288447,"153833000"
122.3860291569,14.1505149416444,"051610000"
122.927141678829,14.1406392597495,"051611000"
123.727076748461,13.7467324005937,"051729000"
122.222016055705,11.4659030654288,"060410000"
122.705884436021,11.3752758894638,"061902000"
122.588982328128,11.4999180773216,"061915000"
124.32453720303,10.0449739414111,"071244000"
123.974561123215,9.92578499004013,"071245000"
120.981775419138,13.3046218032287,"175201000"
123.329154636757,9.44255797504979,"072245000"
124.935526815235,10.8254215690048,"083730000"
124.985545829744,10.8824956618527,"083735000"
119.664249737717,10.5240363998297,"175311000"
124.35993521665,12.5345838068921,"084811000"
122.008330742745,12.164787255436,"175915000"
122.986867581038,10.5002905481808,"184502000"
125.128189416457,10.5139930367777,"086416000"
123.384924558296,8.28914578165082,"097214000"
120.639111849197,18.3712345704554,"012817000"
120.442920094981,17.5182393450754,"012922000"
120.558895940879,16.7794836329512,"012931000"
120.455934816426,16.0202026856068,"015528000"
120.701347614313,15.9627342088711,"015539000"
124.962167323458,7.45933127670299,"101302000"
124.730653210225,7.77970279556469,"101307000"
124.693066282369,8.05564686445241,"101320000"
123.731961746964,7.89284065478459,"103505000"
121.328171837281,15.909342334096,"025015000"
121.782467382799,16.3539166435895,"025704000"
120.487222058434,14.7216440042651,"030801000"
120.594550791905,15.0172415711376,"035420000"
120.937520341027,13.8867017829296,"041029000"
120.739280226767,14.0282603408923,"041034000"
121.296802136419,14.1330491967075,"043406000"
121.426078643681,14.5107763572514,"043427000"
120.677477600775,17.6072575488569,"140124000"
124.101475827128,7.80663322070688,"153609000"
124.034846736544,7.87198496032778,"153614000"
124.077791474768,7.71787239598642,"153632000"
121.281408307302,5.9123156062563,"156603000"
122.975225855038,13.9895682995174,"051601000"
123.340548108574,13.3955356588463,"051723000"
123.553296521052,13.692326738263,"051733000"
120.09053106273,5.26146622679363,"157009000"
125.644968837679,9.25859496980642,"160210000"
125.77500952759,8.96851835595589,"160314000"
124.553373921967,9.76801170454372,"071203000"
124.349601720666,9.84609564872896,"071234000"
125.321240180636,11.9683757545962,"082605000"
119.970966175625,11.8340842460289,"175322000"
118.014794834123,9.06482824185859,"175324000"
120.488039956615,17.859235281018,"012930000"
120.469706896615,16.6842250307072,"013315000"
120.214606321319,15.8374118145912,"015502000"
120.999553509601,18.5333115938868,"021524000"
121.729656133273,17.369747888897,"023136000"
120.486259162461,14.6676992854762,"030803000"
120.658311183043,15.067681359361,"035416000"
124.357951262424,8.36515373940154,"104318000"
122.096803148375,16.3996803706426,"037703000"
120.91337813281,13.7298771427437,"041016000"
126.430193933653,7.35971751014629,"112504000"
126.149878462848,7.07419215617944,"112507000"
125.939444841135,7.30010947756147,"118203000"
125.942771918749,7.40385816137539,"118204000"
120.664826002969,17.5374572215306,"140117000"
120.797935354981,17.4828933380658,"140120000"
123.634963742827,13.8656975401141,"051714000"
124.036685989584,12.58942841172,"056212000"
122.294384977394,11.4159671839895,"060409000"
125.601940719869,8.25723916511715,"160304000"
126.144813817201,8.06798848138479,"160312000"
125.94285336588,9.65601036444428,"166723000"
122.913653464866,11.2285898030579,"063027000"
123.790295825454,10.5795687391314,"072206000"
124.870702874343,12.4630383472972,"084820000"
123.100882360976,10.5787490934089,"184520000"
120.584225472928,18.0377470105189,"012805000"
120.469577769232,16.5318902817997,"013308000"
124.709848902958,9.22032944312957,"101804000"
123.596026169265,8.41005402882967,"104206000"
121.432527450404,18.391181741807,"021501000"
120.704526000789,15.7855509348719,"034906000"
121.053758329486,15.5905359786515,"034909000"
120.939463844314,15.620779729294,"034930000"
120.684029573314,14.8481394819696,"035412000"
125.677848932959,7.37202549731941,"112303000"
120.964623579821,14.3133551602701,"042106000"
125.79966464642,7.86299635659335,"118202000"
125.395319830708,6.00037038107883,"128006000"
120.815484837675,16.989128229037,"144410000"
124.190447425739,7.77726090978424,"153604000"
124.2266563153,6.82216477898902,"153817000"
123.497204974262,13.1837301142904,"050508000"
120.47317277027,6.22088289262174,"156608000"
122.654158129524,14.2627231112347,"051605000"
124.109970705188,13.6622457348826,"052008000"
122.204255295882,11.0297982064831,"060618000"
125.667303239696,8.09788818204177,"160305000"
126.128359093882,9.07434171190248,"166819000"
121.064535765682,12.5567820089886,"175108000"
118.038682651097,9.25348070740659,"175317000"
124.779675144289,11.6297290679344,"086006000"
122.054541398886,12.8057531245502,"175906000"
121.937537812644,12.0641263601779,"175914000"
125.126975407113,11.8742174157391,"086022000"
123.141596294568,10.9139067463829,"184518000"
119.299476444366,10.3323244827524,"175318000"
122.925535284635,10.0599901760456,"184510000"
122.810938258481,9.50893319123805,"184606000"
124.968571418596,10.1660657883808,"086409000"
125.259240337487,9.98979984131672,"086415000"
124.436569817755,11.5697976152866,"087808000"
123.055754873217,8.39540282034214,"097222000"
123.533928846908,7.9075145548469,"097330000"
122.069735629355,12.938701609016,"175902000"
124.19009879984,12.0620898003319,"086024000"
122.626843320704,9.76500946995877,"184506000"
120.49327809876,17.2457214604571,"012902000"
120.60451931479,17.0563055205881,"012929000"
120.373563136576,16.7439308930173,"013303000"
120.054376258727,16.0872611193971,"015542000"
121.93073007408,20.3792620593584,"020903000"
122.370154300245,7.56835422886091,"098316000"
125.151711705249,7.5660422276326,"101309000"
121.641414292657,17.6642059178795,"021527000"
121.176675571707,16.5452939913994,"025013000"
120.414684576546,14.5892827764381,"030802000"
120.485720605253,14.7904875578917,"030809000"
120.518883528144,14.6303077818072,"030811000"
125.606073322489,7.33037566395498,"112315000"
125.736051733286,7.05050520535824,"112317000"
120.306472863287,14.8267893955867,"037107000"
121.403297702498,15.7725469980198,"037707000"
125.525463066478,5.84585422740841,"118602000"
120.952276395381,17.4498298786719,"140105000"
121.496771228461,16.9593297053315,"142707000"
121.900396432817,6.51593761360493,"150704000"
122.123702212947,13.8767498808353,"045619000"
124.706376483993,7.64668350088989,"153630000"
124.184100180754,7.63096258419601,"153631000"
121.501422518208,13.9288842282735,"045645000"
121.447233204581,11.9706380841253,"060605000"
125.947691763906,8.47123145478122,"160308000"
122.573589615244,10.6066288718242,"067902000"
123.467743052898,9.71072173018654,"072202000"
123.971151858106,10.6704283800736,"072216000"
123.537400452455,9.19273008630777,"076106000"
124.95816651826,10.9705924167111,"083725000"
122.52270976961,12.4722113019964,"175908000"
123.222727570783,10.1936488107287,"184611000"
123.443054833456,8.5926527623999,"097201000"
122.226738981073,7.68450922064532,"097219000"
122.833267851668,7.99337689073657,"097225000"
123.033141387489,7.89909360512641,"097303000"
123.196162863876,7.68391339133842,"097313000"
123.259093363958,8.02831772445989,"097318000"
121.133525368379,12.4548454370477,"175110000"
124.384771117692,9.73911273137519,"071221000"
120.935722198413,13.4605077743501,"175211000"
121.244155015859,13.1431513534165,"175215000"
124.815028603582,10.5149146214963,"083721000"
124.653859828159,11.0541992729117,"083738000"
124.955357082026,11.2713486124843,"083747000"
120.64889139007,18.4800147272109,"012806000"
120.358158176754,16.6084954111549,"013314000"
120.693835124743,15.8900481162434,"015507000"
123.893517760951,8.08940826916643,"103508000"
121.11257082551,15.6858445607177,"034923000"
120.668831379147,15.3358508867547,"036905000"
121.052966939602,13.9059501438371,"041009000"
122.432359019029,13.739647025403,"045605000"
124.46714035608,6.71015094758991,"126503000"
121.029544243685,14.7300911949997,"137501000"
121.254659178849,17.7581742428364,"148102000"
122.644119520388,13.3403359590141,"045640000"
124.062046458621,13.2336581572115,"050515000"
123.341155235183,12.4392602865081,"054101000"
123.479672368501,12.4239346095033,"054102000"
121.914687221382,11.8315996779195,"060405000"
121.96476799008,10.4467417785103,"060601000"
125.631750679519,9.41151565634526,"160206000"
125.549907380923,9.21400843110128,"160211000"
122.531382371237,10.9914149508831,"063004000"
121.896722715284,13.4955004659269,"174004000"
123.825012942972,9.81907139170703,"071230000"
123.441421123024,9.96535127325053,"072201000"
121.183698818339,13.2289772626275,"175208000"
124.482185820113,10.6615536652495,"072253000"
120.478674880817,17.7328470748097,"012920000"
120.638005667335,15.8685190680969,"015531000"
124.98111619668,8.06202096186349,"101310000"
121.695079845904,17.8121577707445,"021504000"
121.295684348199,16.4790359195711,"025011000"
120.532880403039,14.5902187249335,"030810000"
121.011395396131,15.1795266990583,"031421000"
120.878732687414,15.6221571716761,"034929000"
120.564551268139,15.5949301330264,"036906000"
120.837047725208,14.3481056965788,"042120000"
121.923819661377,13.8838345506391,"045601000"
121.889153583285,13.9849747581972,"045603000"
125.177397751752,7.13221352466358,"124706000"
120.968016488403,14.599046684953,"133904000"
120.950345437527,16.6968980335351,"142710000"
124.566403073043,6.91856818313003,"153829000"
123.383371320962,13.5810367834548,"051725000"
124.194612321636,13.6013426762146,"052011000"
124.115478178148,12.8325354092323,"056202000"
124.105001128885,12.7569575150741,"056204000"
122.108784262025,11.422636895047,"060606000"
126.285339085532,8.18280097589714,"166803000"
120.474876671925,13.4153390482562,"175107000"
124.333402516255,9.97913531758926,"071238000"
123.994769677799,9.69126260937026,"071241000"
123.445143111075,9.64103635219624,"072212000"
121.314674659941,12.3726336364631,"175204000"
125.332829071382,12.0652134589573,"082606000"
125.628344845877,11.1584936289934,"082619000"
125.154618468905,11.390295248451,"086002000"
123.275005909572,8.39922291322464,"097203000"
120.367277644884,17.6118184635349,"012921000"
123.153419814279,7.89173999980724,"097333000"
119.97616348757,16.2933943282721,"015505000"
120.595256377385,16.05756631595,"015512000"
122.842953019879,7.58775422415436,"098311000"
125.325854394513,8.0733264136989,"101322000"
124.731229427666,9.12817098368484,"101805000"
123.893600660458,7.98069265458335,"103522000"
123.751676790616,8.24982366291053,"104216000"
121.524482022758,18.5345250594758,"021505000"
122.221357393274,18.3934575350368,"021523000"
121.802727161662,16.7798597541094,"023102000"
121.660384961315,16.9346352519608,"023107000"
120.999561028894,15.7857176124555,"034926000"
121.247267541785,14.0431535758377,"043401000"
120.995605122728,14.5846411478519,"133911000"
121.01500845128,14.4835260266913,"137604000"
120.834719943547,17.1199297240878,"144403000"
122.107096683672,6.5079685914377,"150711000"
124.365836800138,7.79306115616873,"153618000"
124.353627742725,7.99621721728885,"153624000"
124.808904750511,6.69662521699437,"153803000"
124.24219942404,7.47802185354007,"153809000"
123.518029726945,13.4299523657667,"051705000"
119.476033304332,4.78097523938326,"157011000"
125.259259525992,8.95325032205866,"160204000"
125.654273832923,9.0646443520488,"160212000"
125.590587630585,9.70675608081477,"166725000"
126.010812056135,9.16056548362496,"166810000"
124.204392090373,9.96241696989652,"071218000"
123.949767715096,9.85501584087361,"071237000"
124.937214354711,12.4587048368322,"084815000"
124.262962863704,12.4101027852304,"084817000"
124.39520795881,12.3497063582424,"084818000"
124.819804083458,12.0699209333121,"086007000"
123.038803274299,9.14660307869064,"184619000"
124.390770157114,12.6585389184119,"084802000"
122.925958236467,9.69912546864603,"184614000"
124.48293782009,11.5045699469749,"087802000"
122.195506916894,7.54254645108808,"097220000"
125.386315899926,12.1634094890762,"082617000"
124.42940609105,11.028834921489,"083740000"
125.260548757069,12.3874989052272,"084807000"
122.928787012259,10.355600027879,"184521000"
123.307380107007,10.4891509755749,"184524000"
123.582439048476,7.94921921488993,"097302000"
123.347025364038,7.88461477907742,"097322000"
123.458389950611,8.01853348223592,"097323000"
125.9954372581,9.85837761030676,"166708000"
125.871622509767,9.30045784374865,"166805000"
124.016153564922,9.61066531103925,"071228000"
125.506630207097,11.1782861071393,"082618000"
124.466524036309,11.1363900116487,"083733000"
124.431020196671,12.5093052355764,"084816000"
124.847833052247,11.508956200425,"086019000"
123.224319297433,9.2042071650649,"184609000"
123.88688780302,9.88302623424485,"071210000"
124.031661075002,9.84914886682891,"071213000"
123.853826826561,9.75297000766989,"071232000"
124.414804886785,11.3196280537859,"083745000"
124.439384958318,11.2135337311965,"083751000"
122.053008828297,12.3014765314579,"175901000"
122.285548080626,12.5485746647729,"175910000"
124.785731983017,11.9087102630813,"086020000"
124.902736357214,11.9828565035199,"086025000"
123.395690369867,10.8507502526906,"184523000"
124.995473687454,10.4485028526529,"086417000"
123.347565997537,8.50485335769839,"097202000"
123.537011955862,8.55398499644242,"097212000"
117.109089524922,8.06704823192946,"175304000"
122.947264290426,9.29666086778735,"184618000"
122.794371524636,8.07435806058547,"097213000"
122.537842571841,7.95185875473282,"097227000"
